,count,mean,std,min,25%,50%,75%,max
porc_alpaca_corta,400.0,59.76762738085511,11.750251442873152,40.20246335384875,49.65118763368328,60.46870914320438,69.90088966994931,79.62020568002694
porc_oveja,400.0,40.23237261914489,11.75025144287315,20.37979431997306,30.0991103300507,39.53129085679562,50.34881236631672,59.79753664615125
nanoparticulas_mg_g,400.0,2.5486376358611924,1.4396161053416991,0.1531044922534619,1.2850341496287065,2.5650372693209738,3.826687908948502,4.99861659910204
tinte_tipo,400.0,1.0125,0.8209925834349169,0.0,0.0,1.0,2.0,2.0
tiempo_fieltrado_min,400.0,37.16134204254588,13.261080189348844,15.046326593053504,25.55906334134417,37.15042172217959,48.46129726060306,59.8351099113026
presion_bar,400.0,5.968485706519209,2.2502144570439655,2.0026600489639157,4.0155111122345915,6.006393233251005,7.970994977162677,9.963843925634055
resistencia_newtons,400.0,78.30405922760275,20.125841207458343,20.03904413079818,64.24934272660187,78.96447038261141,93.89230274348195,132.26670174202323
